Sample_ID,Species,Location,Year_collected,Date_collected,Country,Atoll,Site,GPS_point_1,GPS_point_2,geometry
AJB18-022-T,A. aff. tenuis,Seychelles Inner Islands,2018,07/10/2018,Seychelles,Praslin,Praslin APC,-4.305556,55.734444,"c(55.734444, -4.305556)"
AJB18-023-T,A. aff. tenuis,Seychelles Inner Islands,2018,08/10/2018,Seychelles,Praslin,Praslin APC,-4.305556,55.734444,"c(55.734444, -4.305556)"
AJB18-026-T,A. aff. tenuis,Seychelles Inner Islands,2018,07/10/2018,Seychelles,Praslin,Praslin APC,-4.305556,55.734444,"c(55.734444, -4.305556)"
AJB18-029-T,A. aff. tenuis,Seychelles Inner Islands,2018,07/10/2018,Seychelles,Praslin,Praslin APC,-4.305556,55.734444,"c(55.734444, -4.305556)"
AJB18-031-T,A. aff. tenuis,Seychelles Inner Islands,2018,07/10/2018,Seychelles,Praslin,Praslin APC,-4.305556,55.734444,"c(55.734444, -4.305556)"
AJB18-045-T,A. aff. tenuis,Seychelles Inner Islands,2018,07/10/2018,Seychelles,Curieuse,Curieuse.Larai,-4.284722,55.733611,"c(55.733611, -4.284722)"
AJB18-046-T,A. aff. tenuis,Seychelles Inner Islands,2018,07/10/2018,Seychelles,Curieuse,Curieuse.Larai,-4.284722,55.733611,"c(55.733611, -4.284722)"
AJB18-047-T,A. aff. tenuis,Seychelles Inner Islands,2018,07/10/2018,Seychelles,Curieuse,Curieuse.Larai,-4.284722,55.733611,"c(55.733611, -4.284722)"
AJB18-094-T,A. aff. tenuis,Seychelles Inner Islands,2018,11/10/2018,Seychelles,Mahe,Cap Ternay,-4.639167,55.375,"c(55.375, -4.639167)"
AJB18-124-T,A. aff. tenuis,Seychelles Outer Islands,2018,07/11/2018,Seychelles,Assumption,Assumption Jetty Left,-9.731667,46.501667,"c(46.501667, -9.731667)"
AJB18-125-T,A. aff. tenuis,Seychelles Outer Islands,2018,07/11/2018,Seychelles,Assumption,Assumption Jetty Left,-9.731667,46.501667,"c(46.501667, -9.731667)"
AJB18-126-T,A. aff. tenuis,Seychelles Outer Islands,2018,07/11/2018,Seychelles,Assumption,Assumption Jetty Left,-9.731667,46.501667,"c(46.501667, -9.731667)"
AJB18-127-T,A. aff. tenuis,Seychelles Outer Islands,2018,07/11/2018,Seychelles,Assumption,Assumption Jetty Left,-9.731667,46.501667,"c(46.501667, -9.731667)"
AJB18-129-T,A. aff. tenuis,Seychelles Outer Islands,2018,07/11/2018,Seychelles,Assumption,Assumption Jetty Left,-9.731667,46.501667,"c(46.501667, -9.731667)"
AJB18-130-T,A. aff. tenuis,Seychelles Outer Islands,2018,07/11/2018,Seychelles,Assumption,Assumption Jetty Left,-9.731667,46.501667,"c(46.501667, -9.731667)"
AJB18-151-T,A. aff. tenuis,Seychelles Outer Islands,2018,19/11/2018,Seychelles,Aldabra,Anse Var 20m,-9.37353,46.21268,"c(46.21268, -9.37353)"
AJB18-152-T,A. aff. tenuis,Seychelles Outer Islands,2018,16/11/2018,Seychelles,Aldabra,ARM07,-9.46348,46.21877,"c(46.21877, -9.46348)"
AJB18-157-T,A. aff. tenuis,Seychelles Outer Islands,2018,19/11/2018,Seychelles,Aldabra,Anse Var 20m,-9.37353,46.21268,"c(46.21268, -9.37353)"
AJB18-158-T,A. aff. tenuis,Seychelles Outer Islands,2018,15/11/2018,Seychelles,Aldabra,ARM9,-9.41347,46.25736,"c(46.25736, -9.41347)"
AJB18-159-T,A. aff. tenuis,Seychelles Outer Islands,2018,15/11/2018,Seychelles,Aldabra,ARM9,-9.41347,46.25736,"c(46.25736, -9.41347)"
AJB18-161-T,A. aff. tenuis,Seychelles Outer Islands,2018,19/11/2018,Seychelles,Aldabra,Anse Var 20m,-9.37353,46.21268,"c(46.21268, -9.37353)"
AJB18-163-T,A. aff. tenuis,Seychelles Outer Islands,2018,15/11/2018,Seychelles,Aldabra,ARM9,-9.41347,46.25736,"c(46.25736, -9.41347)"
AJB18-164-T,A. aff. tenuis,Seychelles Outer Islands,2018,16/11/2018,Seychelles,Aldabra,ARM07,-9.46348,46.21877,"c(46.21877, -9.46348)"
AJB18-168-T,A. aff. tenuis,Seychelles Outer Islands,2018,19/11/2018,Seychelles,Aldabra,Anse Var 20m,-9.37353,46.21268,"c(46.21268, -9.37353)"
AJB18-170-T,A. aff. tenuis,Seychelles Outer Islands,2018,19/11/2018,Seychelles,Aldabra,Lag 1,-9.401944,46.255278,"c(46.255278, -9.401944)"
AJB18-171-T,A. aff. tenuis,Seychelles Outer Islands,2018,19/11/2018,Seychelles,Aldabra,Lag 1,-9.401944,46.255278,"c(46.255278, -9.401944)"
AJB18-173-T,A. aff. tenuis,Seychelles Outer Islands,2018,19/11/2018,Seychelles,Aldabra,Lag 1,-9.401944,46.255278,"c(46.255278, -9.401944)"
AJB18-174-T,A. aff. tenuis,Seychelles Outer Islands,2018,19/11/2018,Seychelles,Aldabra,Lag 1,-9.401944,46.255278,"c(46.255278, -9.401944)"
AJB18-176-T,A. aff. tenuis,Seychelles Outer Islands,2018,19/11/2018,Seychelles,Aldabra,Lag 1,-9.401944,46.255278,"c(46.255278, -9.401944)"
AJB18-177-T,A. aff. tenuis,Seychelles Outer Islands,2018,19/11/2018,Seychelles,Aldabra,Lag 1,-9.401944,46.255278,"c(46.255278, -9.401944)"
AJB18-179-T,A. aff. tenuis,Seychelles Outer Islands,2018,19/11/2018,Seychelles,Aldabra,Anse Var 20m,-9.37353,46.21268,"c(46.21268, -9.37353)"
AJB18-183-T,A. aff. tenuis,Seychelles Outer Islands,2018,20/11/2018,Seychelles,Aldabra,Anse Var 20m,-9.37353,46.21268,"c(46.21268, -9.37353)"
AJB18-184-T,A. aff. tenuis,Seychelles Outer Islands,2018,20/11/2018,Seychelles,Aldabra,Anse Var 20m,-9.37353,46.21268,"c(46.21268, -9.37353)"
AJB19-300-T,A. aff. tenuis,Seychelles Inner Islands,2019,29/01/2019,Seychelles,Aride,Aride,-4.214444,55.659444,"c(55.659444, -4.214444)"
AJB19-301-T,A. aff. tenuis,Seychelles Inner Islands,2019,29/01/2019,Seychelles,Aride,Aride,-4.214444,55.659444,"c(55.659444, -4.214444)"
AJB19-302-T,A. aff. tenuis,Seychelles Inner Islands,2019,29/01/2019,Seychelles,Aride,Aride,-4.214444,55.659444,"c(55.659444, -4.214444)"
AJB19-306-T,A. aff. tenuis,Seychelles Inner Islands,2019,29/01/2019,Seychelles,Aride,Aride,-4.214444,55.659444,"c(55.659444, -4.214444)"
AJB19-310-T,A. aff. tenuis,Seychelles Inner Islands,2019,29/01/2019,Seychelles,Aride,Aride,-4.214444,55.659444,"c(55.659444, -4.214444)"
AJB19-311-T,A. aff. tenuis,Seychelles Inner Islands,2019,29/01/2019,Seychelles,Aride,Aride,-4.214444,55.659444,"c(55.659444, -4.214444)"
AJB19-312-T,A. aff. tenuis,Seychelles Inner Islands,2019,29/01/2019,Seychelles,Aride,Aride,-4.214444,55.659444,"c(55.659444, -4.214444)"
AJB19-314-T,A. aff. tenuis,Seychelles Inner Islands,2019,29/01/2019,Seychelles,Aride,Aride,-4.214444,55.659444,"c(55.659444, -4.214444)"
AJB19-315-T,A. aff. tenuis,Seychelles Inner Islands,2019,29/01/2019,Seychelles,Aride,Aride,-4.214444,55.659444,"c(55.659444, -4.214444)"
AJB19-316-T,A. aff. tenuis,Seychelles Inner Islands,2019,29/01/2019,Seychelles,Aride,Aride,-4.214444,55.659444,"c(55.659444, -4.214444)"
AJB19-317-T,A. aff. tenuis,Seychelles Inner Islands,2019,29/01/2019,Seychelles,Aride,Aride,-4.214444,55.659444,"c(55.659444, -4.214444)"
AJB19-318-T,A. aff. tenuis,Seychelles Inner Islands,2019,29/01/2019,Seychelles,Aride,Aride,-4.214444,55.659444,"c(55.659444, -4.214444)"
AJB19-320-T,A. aff. tenuis,Seychelles Inner Islands,2019,29/01/2019,Seychelles,Aride,Aride,-4.214444,55.659444,"c(55.659444, -4.214444)"
AJB19-324-T,A. aff. tenuis,Seychelles Inner Islands,2019,13/04/2019,Seychelles,Fregate,Fregate,-4.579722,55.934167,"c(55.934167, -4.579722)"
AJB19-325-T,A. aff. tenuis,Seychelles Inner Islands,2019,13/04/2019,Seychelles,Fregate,Fregate,-4.579722,55.934167,"c(55.934167, -4.579722)"
AJB19-326-T,A. aff. tenuis,Seychelles Inner Islands,2019,13/04/2019,Seychelles,Fregate,Fregate,-4.579722,55.934167,"c(55.934167, -4.579722)"
AJB19-331-T,A. aff. tenuis,Seychelles Inner Islands,2019,13/04/2019,Seychelles,Fregate,Fregate,-4.579722,55.934167,"c(55.934167, -4.579722)"
AJB19-333-T,A. aff. tenuis,Seychelles Inner Islands,2019,13/04/2019,Seychelles,Fregate,Fregate,-4.579722,55.934167,"c(55.934167, -4.579722)"
AJB19-334-T,A. aff. tenuis,Seychelles Inner Islands,2019,13/04/2019,Seychelles,Fregate,Fregate,-4.579722,55.934167,"c(55.934167, -4.579722)"
AJB19-335-T,A. aff. tenuis,Seychelles Inner Islands,2019,13/04/2019,Seychelles,Fregate,Fregate,-4.579722,55.934167,"c(55.934167, -4.579722)"
AJB19-337-T,A. aff. tenuis,Seychelles Inner Islands,2019,13/04/2019,Seychelles,Fregate,Fregate,-4.579722,55.934167,"c(55.934167, -4.579722)"
AJB19-339-T,A. aff. tenuis,Seychelles Inner Islands,2019,13/04/2019,Seychelles,Fregate,Fregate,-4.579722,55.934167,"c(55.934167, -4.579722)"
AJB19-351-T,A. aff. tenuis,Seychelles Inner Islands,2019,13/04/2019,Seychelles,Fregate,Fregate,-4.579722,55.934167,"c(55.934167, -4.579722)"
AJB19-522-T,A. aff. tenuis,Seychelles Outer Islands,2019,19/12/2019,Seychelles,Astove,Astove,-10.073889,47.730278,"c(47.730278, -10.073889)"
AJB19-526-T,A. aff. tenuis,Seychelles Outer Islands,2019,19/12/2019,Seychelles,Astove,Astove,-10.073889,47.730278,"c(47.730278, -10.073889)"
AJB19-531-T,A. aff. tenuis,Seychelles Outer Islands,2019,19/12/2019,Seychelles,Astove,Astove,-10.073889,47.730278,"c(47.730278, -10.073889)"
BFC18-001-T,A. aff. tenuis,Diego Garcia,2018,29/03/2018,Chagos,Diego Garcia,Cannon Point,-7.25738,72.37257,"c(72.37257, -7.25738)"
BFC18-003-T,A. aff. tenuis,Diego Garcia,2018,29/03/2018,Chagos,Diego Garcia,Cannon Point,-7.25738,72.37257,"c(72.37257, -7.25738)"
BFC18-004-T,A. aff. tenuis,Diego Garcia,2018,29/03/2018,Chagos,Diego Garcia,Cannon Point,-7.25738,72.37257,"c(72.37257, -7.25738)"
BFC18-012-T,A. aff. tenuis,Diego Garcia,2018,29/03/2018,Chagos,Diego Garcia,Cannon Point,-7.25738,72.37257,"c(72.37257, -7.25738)"
BFC18-013-T,A. aff. tenuis,Diego Garcia,2018,29/03/2018,Chagos,Diego Garcia,Cannon Point,-7.25738,72.37257,"c(72.37257, -7.25738)"
BFC18-014-T,A. aff. tenuis,Diego Garcia,2018,30/03/2018,Chagos,Diego Garcia,Cannon Point,-7.25738,72.37257,"c(72.37257, -7.25738)"
BFC18-015-T,A. aff. tenuis,Diego Garcia,2018,29/03/2018,Chagos,Diego Garcia,Cannon Point,-7.25738,72.37257,"c(72.37257, -7.25738)"
BFC18-032-T,A. aff. tenuis,Diego Garcia,2018,29/03/2018,Chagos,Diego Garcia,Mid Island,-7.22617,72.40833,"c(72.40833, -7.22617)"
BFC18-033-T,A. aff. tenuis,Diego Garcia,2018,29/03/2018,Chagos,Diego Garcia,Mid Island,-7.22617,72.40833,"c(72.40833, -7.22617)"
BFC18-034-T,A. aff. tenuis,Diego Garcia,2018,31/03/2018,Chagos,Diego Garcia,Mid Island,-7.22617,72.40833,"c(72.40833, -7.22617)"
BFC18-036-T,A. aff. tenuis,Diego Garcia,2018,01/04/2018,Chagos,Diego Garcia,Mid Island,-7.22617,72.40833,"c(72.40833, -7.22617)"
BFC18-037-T,A. aff. tenuis,Diego Garcia,2018,29/03/2018,Chagos,Diego Garcia,Mid Island,-7.22617,72.40833,"c(72.40833, -7.22617)"
BFC18-038-T,A. aff. tenuis,Diego Garcia,2018,29/03/2018,Chagos,Diego Garcia,Mid Island,-7.22617,72.40833,"c(72.40833, -7.22617)"
BFC18-040-T,A. aff. tenuis,Diego Garcia,2018,29/03/2018,Chagos,Diego Garcia,Mid Island,-7.22617,72.40833,"c(72.40833, -7.22617)"
BFC18-041-T,A. aff. tenuis,Diego Garcia,2018,02/04/2018,Chagos,Diego Garcia,Mid Island,-7.22617,72.40833,"c(72.40833, -7.22617)"
BFC18-044-T,A. aff. tenuis,Diego Garcia,2018,03/04/2018,Chagos,Diego Garcia,Mid Island,-7.22617,72.40833,"c(72.40833, -7.22617)"
BFC18-048-T,A. aff. tenuis,Chagos northern atolls,2018,31/03/2018,Chagos,Peros Banhos,Ile du coin,-5.4425,71.767,"c(71.767, -5.4425)"
BFC18-049-T,A. aff. tenuis,Chagos northern atolls,2018,31/03/2018,Chagos,Peros Banhos,Ile du coin,-5.4425,71.767,"c(71.767, -5.4425)"
BFC18-051-T,A. aff. tenuis,Chagos northern atolls,2018,31/03/2018,Chagos,Peros Banhos,Ile du coin,-5.4425,71.767,"c(71.767, -5.4425)"
BFC18-053-T,A. aff. tenuis,Chagos northern atolls,2018,31/03/2018,Chagos,Peros Banhos,Ile du coin,-5.4425,71.767,"c(71.767, -5.4425)"
BFC18-054-T,A. aff. tenuis,Chagos northern atolls,2018,31/03/2018,Chagos,Peros Banhos,Ile du coin,-5.4425,71.767,"c(71.767, -5.4425)"
BFC18-058-T,A. aff. tenuis,Chagos northern atolls,2018,31/03/2018,Chagos,Peros Banhos,Ile du coin,-5.4425,71.767,"c(71.767, -5.4425)"
BFC18-059-T,A. aff. tenuis,Chagos northern atolls,2018,31/03/2018,Chagos,Peros Banhos,Ile du coin,-5.4425,71.767,"c(71.767, -5.4425)"
BFC18-063-T,A. aff. tenuis,Chagos northern atolls,2018,31/03/2018,Chagos,Peros Banhos,Ile du coin,-5.4425,71.767,"c(71.767, -5.4425)"
BFC18-064-T,A. aff. tenuis,Chagos northern atolls,2018,31/03/2018,Chagos,Peros Banhos,Ile du coin,-5.4425,71.767,"c(71.767, -5.4425)"
BFC18-089-T,A. aff. tenuis,Chagos northern atolls,2018,01/04/2018,Chagos,Peros Banhos,Ile du coin,-5.4425,71.767,"c(71.767, -5.4425)"
BFC18-094-T,A. aff. tenuis,Chagos northern atolls,2018,01/04/2018,Chagos,Peros Banhos,Ile du coin,-5.4425,71.767,"c(71.767, -5.4425)"
BFC18-100-T,A. aff. tenuis,Chagos northern atolls,2018,02/04/2018,Chagos,Peros Banhos,Diamont Seaward,-5.24633,71.7695,"c(71.7695, -5.24633)"
BFC18-104-T,A. aff. tenuis,Chagos northern atolls,2018,02/04/2018,Chagos,Peros Banhos,Diamont Seaward,-5.24633,71.7695,"c(71.7695, -5.24633)"
BFC18-107-T,A. aff. tenuis,Chagos northern atolls,2018,02/04/2018,Chagos,Peros Banhos,Diamont Seaward,-5.24633,71.7695,"c(71.7695, -5.24633)"
BFC18-108-T,A. aff. tenuis,Chagos northern atolls,2018,02/04/2018,Chagos,Peros Banhos,Diamont Seaward,-5.24633,71.7695,"c(71.7695, -5.24633)"
BFC18-111-T,A. aff. tenuis,Chagos northern atolls,2018,02/04/2018,Chagos,Peros Banhos,Diamont Seaward,-5.24633,71.7695,"c(71.7695, -5.24633)"
BFC18-112-T,A. aff. tenuis,Chagos northern atolls,2018,02/04/2018,Chagos,Peros Banhos,Diamont Seaward,-5.24633,71.7695,"c(71.7695, -5.24633)"
BFC18-117-T,A. aff. tenuis,Chagos northern atolls,2018,02/04/2018,Chagos,Peros Banhos,Diamont Seaward,-5.24633,71.7695,"c(71.7695, -5.24633)"
BFC18-118-T,A. aff. tenuis,Chagos northern atolls,2018,02/04/2018,Chagos,Peros Banhos,Diamont Seaward,-5.24633,71.7695,"c(71.7695, -5.24633)"
BFC18-127-T,A. aff. tenuis,Chagos northern atolls,2018,02/04/2018,Chagos,Peros Banhos,Lagoon Diamont,-5.25718,71.76566,"c(71.76566, -5.25718)"
BFC18-128-T,A. aff. tenuis,Chagos northern atolls,2018,02/04/2018,Chagos,Peros Banhos,Lagoon Diamont,-5.25718,71.76566,"c(71.76566, -5.25718)"
BFC18-132-T,A. aff. tenuis,Chagos northern atolls,2018,02/04/2018,Chagos,Peros Banhos,Lagoon Diamont,-5.25718,71.76566,"c(71.76566, -5.25718)"
BFC18-133-T,A. aff. tenuis,Chagos northern atolls,2018,02/04/2018,Chagos,Peros Banhos,Lagoon Diamont,-5.25718,71.76566,"c(71.76566, -5.25718)"
BFC18-144-T,A. aff. tenuis,Chagos northern atolls,2018,03/04/2018,Chagos,Peros Banhos,Moresby,-5.23735,71.83483333,"c(71.83483333, -5.23735)"
BFC18-145-T,A. aff. tenuis,Chagos northern atolls,2018,03/04/2018,Chagos,Peros Banhos,Moresby,-5.23735,71.83483333,"c(71.83483333, -5.23735)"
BFC18-152-T,A. aff. tenuis,Chagos northern atolls,2018,03/04/2018,Chagos,Peros Banhos,Moresby,-5.23735,71.83483333,"c(71.83483333, -5.23735)"
BFC18-153-T,A. aff. tenuis,Chagos northern atolls,2018,03/04/2018,Chagos,Peros Banhos,Moresby,-5.23735,71.83483333,"c(71.83483333, -5.23735)"
BFC18-159-T,A. aff. tenuis,Chagos northern atolls,2018,03/04/2018,Chagos,Peros Banhos,Moresby,-5.23735,71.83483333,"c(71.83483333, -5.23735)"
BFC18-167-T,A. aff. tenuis,Chagos northern atolls,2018,03/04/2018,Chagos,Peros Banhos,Moresby,-5.23735,71.83483333,"c(71.83483333, -5.23735)"
BFC18-171-T,A. aff. tenuis,Chagos northern atolls,2018,03/04/2018,Chagos,Peros Banhos,Moresby,-5.23735,71.83483333,"c(71.83483333, -5.23735)"
BFC18-217-T,A. aff. tenuis,Chagos northern atolls,2018,06/04/2018,Chagos,Salomon,Ile Anglaise seaward,-5.33867,72.21333,"c(72.21333, -5.33867)"
BFC18-219-T,A. aff. tenuis,Chagos northern atolls,2018,06/04/2018,Chagos,Salomon,Ile Anglaise seaward,-5.33867,72.21333,"c(72.21333, -5.33867)"
BFC18-223-T,A. aff. tenuis,Chagos northern atolls,2018,06/04/2018,Chagos,Salomon,Ile Anglaise seaward,-5.33867,72.21333,"c(72.21333, -5.33867)"
BFC18-246-T,A. aff. tenuis,Chagos northern atolls,2018,07/04/2018,Chagos,Salomon,Courts Knoll,-5.30883,72.25233,"c(72.25233, -5.30883)"
BFC18-257-T,A. aff. tenuis,Chagos northern atolls,2018,07/04/2018,Chagos,Salomon,Courts Knoll,-5.30883,72.25233,"c(72.25233, -5.30883)"
BFC18-258-T,A. aff. tenuis,Chagos northern atolls,2018,07/04/2018,Chagos,Salomon,Courts Knoll,-5.30883,72.25233,"c(72.25233, -5.30883)"
BFC18-259-T,A. aff. tenuis,Chagos northern atolls,2018,07/04/2018,Chagos,Salomon,Courts Knoll,-5.30883,72.25233,"c(72.25233, -5.30883)"
BFC18-260-T,A. aff. tenuis,Chagos northern atolls,2018,07/04/2018,Chagos,Salomon,Courts Knoll,-5.30883,72.25233,"c(72.25233, -5.30883)"
BFC18-261-T,A. aff. tenuis,Chagos northern atolls,2018,07/04/2018,Chagos,Salomon,Courts Knoll,-5.30883,72.25233,"c(72.25233, -5.30883)"
BFC18-262-T,A. aff. tenuis,Chagos northern atolls,2018,07/04/2018,Chagos,Salomon,Courts Knoll,-5.30883,72.25233,"c(72.25233, -5.30883)"
BFC18-263-T,A. aff. tenuis,Chagos northern atolls,2018,07/04/2018,Chagos,Salomon,Courts Knoll,-5.30883,72.25233,"c(72.25233, -5.30883)"
BFC18-265-T,A. aff. tenuis,Chagos northern atolls,2018,07/04/2018,Chagos,Salomon,Courts Knoll,-5.30883,72.25233,"c(72.25233, -5.30883)"
BFC18-266-T,A. aff. tenuis,Chagos northern atolls,2018,07/04/2018,Chagos,Salomon,Courts Knoll,-5.30883,72.25233,"c(72.25233, -5.30883)"
BFC18-269-T,A. aff. tenuis,Chagos northern atolls,2018,07/04/2018,Chagos,Salomon,Ile de Passe,-5.29883,72.25517,"c(72.25517, -5.29883)"
BFC18-270-T,A. aff. tenuis,Chagos northern atolls,2018,07/04/2018,Chagos,Salomon,Ile de Passe,-5.29883,72.25517,"c(72.25517, -5.29883)"
BFC18-273-T,A. aff. tenuis,Chagos northern atolls,2018,07/04/2018,Chagos,Salomon,Ile de Passe,-5.29883,72.25517,"c(72.25517, -5.29883)"
BFC18-279-T,A. aff. tenuis,Chagos northern atolls,2018,07/04/2018,Chagos,Salomon,Ile de Passe,-5.29883,72.25517,"c(72.25517, -5.29883)"
BFC18-283-T,A. aff. tenuis,Chagos northern atolls,2018,07/04/2018,Chagos,Salomon,Ile de Passe,-5.29883,72.25517,"c(72.25517, -5.29883)"
BFC18-285-T,A. aff. tenuis,Chagos northern atolls,2018,07/04/2018,Chagos,Salomon,Ile de Passe,-5.29883,72.25517,"c(72.25517, -5.29883)"
BFC18-307-T,A. aff. tenuis,Chagos northern atolls,2018,09/04/2018,Chagos,Great Chagos Bank,Nelson seaward,-5.679483333,72.315,"c(72.315, -5.679483333)"
BFC18-309-T,A. aff. tenuis,Chagos northern atolls,2018,09/04/2018,Chagos,Great Chagos Bank,Nelson seaward,-5.679483333,72.315,"c(72.315, -5.679483333)"
BFC18-337-T,A. aff. tenuis,Chagos western atolls,2018,10/04/2018,Chagos,Great Chagos Bank,South Brother,-6.173066667,71.5373333,"c(71.5373333, -6.173066667)"
BFC18-349-T,A. aff. tenuis,Chagos western atolls,2018,11/04/2018,Chagos,Great Chagos Bank,Middle Brother lagoon,-6.15308,71.5198,"c(71.5198, -6.15308)"
BFC18-375-T,A. aff. tenuis,Chagos western atolls,2018,14/04/2018,Chagos,Egmont,Egmont Mid,-6.6434,71.358,"c(71.358, -6.6434)"
BFC18-376-T,A. aff. tenuis,Chagos western atolls,2018,14/04/2018,Chagos,Egmont,Egmont Mid,-6.6434,71.358,"c(71.358, -6.6434)"
BFC18-377-T,A. aff. tenuis,Chagos western atolls,2018,14/04/2018,Chagos,Egmont,Egmont Mid,-6.6434,71.358,"c(71.358, -6.6434)"
BFC18-378-T,A. aff. tenuis,Chagos western atolls,2018,14/04/2018,Chagos,Egmont,Egmont Mid,-6.6434,71.358,"c(71.358, -6.6434)"
BFC18-380-T,A. aff. tenuis,Chagos western atolls,2018,14/04/2018,Chagos,Egmont,Egmont Mid,-6.6434,71.358,"c(71.358, -6.6434)"
BFC18-381-T,A. aff. tenuis,Chagos western atolls,2018,14/04/2018,Chagos,Egmont,Egmont Mid,-6.6434,71.358,"c(71.358, -6.6434)"
BFC18-396-T,A. aff. tenuis,Diego Garcia,2018,15/04/2018,Chagos,Diego Garcia,Barton Point,-7.23317,72.43867,"c(72.43867, -7.23317)"
BFC18-398-T,A. aff. tenuis,Diego Garcia,2018,15/04/2018,Chagos,Diego Garcia,Barton Point,-7.23317,72.43867,"c(72.43867, -7.23317)"
BFC18-400-T,A. aff. tenuis,Diego Garcia,2018,15/04/2018,Chagos,Diego Garcia,Barton Point,-7.23317,72.43867,"c(72.43867, -7.23317)"
BFC18-401-T,A. aff. tenuis,Diego Garcia,2018,15/04/2018,Chagos,Diego Garcia,Barton Point,-7.23317,72.43867,"c(72.43867, -7.23317)"
BFC18-403-T,A. aff. tenuis,Diego Garcia,2018,15/04/2018,Chagos,Diego Garcia,Barton Point,-7.23317,72.43867,"c(72.43867, -7.23317)"
BFC18-404-T,A. aff. tenuis,Diego Garcia,2018,15/04/2018,Chagos,Diego Garcia,Barton Point,-7.23317,72.43867,"c(72.43867, -7.23317)"
BFC18-405-T,A. aff. tenuis,Diego Garcia,2018,15/04/2018,Chagos,Diego Garcia,Barton Point,-7.23317,72.43867,"c(72.43867, -7.23317)"
BFC19-016-T,A. aff. tenuis,Chagos northern atolls,2019,07/03/2019,Chagos,Peros Banhos,Ile du coin,-5.4425,71.767,"c(71.767, -5.4425)"
BFC19-018-T,A. aff. tenuis,Chagos northern atolls,2019,07/03/2019,Chagos,Peros Banhos,Ile du coin,-5.4425,71.767,"c(71.767, -5.4425)"
BFC19-024-T,A. aff. tenuis,Chagos northern atolls,2019,07/03/2019,Chagos,Peros Banhos,Ile du coin,-5.4425,71.767,"c(71.767, -5.4425)"
BFC19-025-T,A. aff. tenuis,Chagos northern atolls,2019,07/03/2019,Chagos,Peros Banhos,Ile du coin,-5.4425,71.767,"c(71.767, -5.4425)"
BFC19-026-T,A. aff. tenuis,Chagos northern atolls,2019,07/03/2019,Chagos,Peros Banhos,Ile du coin,-5.4425,71.767,"c(71.767, -5.4425)"
BFC19-027-T,A. aff. tenuis,Chagos northern atolls,2019,07/03/2019,Chagos,Peros Banhos,Ile du coin,-5.4425,71.767,"c(71.767, -5.4425)"
BFC19-029-T,A. aff. tenuis,Chagos northern atolls,2019,07/03/2019,Chagos,Peros Banhos,Ile du coin,-5.4425,71.767,"c(71.767, -5.4425)"
BFC19-030-T,A. aff. tenuis,Chagos northern atolls,2019,07/03/2019,Chagos,Peros Banhos,Ile du coin,-5.4425,71.767,"c(71.767, -5.4425)"
BFC19-034-T,A. aff. tenuis,Chagos northern atolls,2019,07/03/2019,Chagos,Peros Banhos,Ile du coin,-5.4425,71.767,"c(71.767, -5.4425)"
BFC19-041-T,A. aff. tenuis,Chagos northern atolls,2019,07/03/2019,Chagos,Peros Banhos,Ile du coin,-5.4425,71.767,"c(71.767, -5.4425)"
BFC19-042-T,A. aff. tenuis,Chagos northern atolls,2019,07/03/2019,Chagos,Peros Banhos,Ile du coin,-5.4425,71.767,"c(71.767, -5.4425)"
BFC19-043-T,A. aff. tenuis,Chagos northern atolls,2019,07/03/2019,Chagos,Peros Banhos,Ile du coin,-5.4425,71.767,"c(71.767, -5.4425)"
BFC19-045-T,A. aff. tenuis,Chagos northern atolls,2019,07/03/2019,Chagos,Peros Banhos,Ile du coin,-5.4425,71.767,"c(71.767, -5.4425)"
BFC19-051-T,A. aff. tenuis,Chagos northern atolls,2019,08/03/2019,Chagos,Peros Banhos,Ile de Poule (outside),-5.4063,71.74625,"c(71.74625, -5.4063)"
BFC19-053-T,A. aff. tenuis,Chagos northern atolls,2019,08/03/2019,Chagos,Peros Banhos,Ile de Poule (outside),-5.4063,71.74625,"c(71.74625, -5.4063)"
BFC19-054-T,A. aff. tenuis,Chagos northern atolls,2019,08/03/2019,Chagos,Peros Banhos,Ile de Poule (outside),-5.4063,71.74625,"c(71.74625, -5.4063)"
BFC19-058-T,A. aff. tenuis,Chagos northern atolls,2019,08/03/2019,Chagos,Peros Banhos,Ile de Poule (outside),-5.4063,71.74625,"c(71.74625, -5.4063)"
BFC19-059-T,A. aff. tenuis,Chagos northern atolls,2019,08/03/2019,Chagos,Peros Banhos,Ile de Poule (outside),-5.4063,71.74625,"c(71.74625, -5.4063)"
BFC19-096-T,A. aff. tenuis,Chagos northern atolls,2019,10/03/2019,Chagos,Salomon,Ile Anglaise seaward,-5.33867,72.21333,"c(72.21333, -5.33867)"
BFC19-100-T,A. aff. tenuis,Chagos northern atolls,2019,10/03/2019,Chagos,Salomon,Ile Anglaise seaward,-5.33867,72.21333,"c(72.21333, -5.33867)"
BFC19-102-T,A. aff. tenuis,Chagos northern atolls,2019,10/03/2019,Chagos,Salomon,Ile Anglaise seaward,-5.33867,72.21333,"c(72.21333, -5.33867)"
BFC19-103-T,A. aff. tenuis,Chagos northern atolls,2019,10/03/2019,Chagos,Salomon,Ile Anglaise seaward,-5.33867,72.21333,"c(72.21333, -5.33867)"
BFC19-105-T,A. aff. tenuis,Chagos northern atolls,2019,10/03/2019,Chagos,Salomon,Ile Anglaise seaward,-5.33867,72.21333,"c(72.21333, -5.33867)"
BFC19-108-T,A. aff. tenuis,Chagos northern atolls,2019,10/03/2019,Chagos,Salomon,Ile Anglaise seaward,-5.33867,72.21333,"c(72.21333, -5.33867)"
BFC19-109-T,A. aff. tenuis,Chagos northern atolls,2019,10/03/2019,Chagos,Salomon,Ile Anglaise seaward,-5.33867,72.21333,"c(72.21333, -5.33867)"
BFC19-110-T,A. aff. tenuis,Chagos northern atolls,2019,10/03/2019,Chagos,Salomon,Ile Anglaise seaward,-5.33867,72.21333,"c(72.21333, -5.33867)"
BFC19-112-T,A. aff. tenuis,Chagos northern atolls,2019,10/03/2019,Chagos,Salomon,Ile Anglaise seaward,-5.33867,72.21333,"c(72.21333, -5.33867)"
BFC19-113-T,A. aff. tenuis,Chagos northern atolls,2019,10/03/2019,Chagos,Salomon,Ile Anglaise seaward,-5.33867,72.21333,"c(72.21333, -5.33867)"
BFC19-115-T,A. aff. tenuis,Chagos northern atolls,2019,10/03/2019,Chagos,Salomon,Ile Anglaise seaward,-5.33867,72.21333,"c(72.21333, -5.33867)"
BFC19-119-T,A. aff. tenuis,Chagos northern atolls,2019,10/03/2019,Chagos,Salomon,Ile Anglaise seaward,-5.33867,72.21333,"c(72.21333, -5.33867)"
BFC19-120-T,A. aff. tenuis,Chagos northern atolls,2019,11/03/2019,Chagos,Salomon,Courts Knoll,-5.30883,72.25233,"c(72.25233, -5.30883)"
BFC19-121-T,A. aff. tenuis,Chagos northern atolls,2019,11/03/2019,Chagos,Salomon,Courts Knoll,-5.30883,72.25233,"c(72.25233, -5.30883)"
BFC19-122-T,A. aff. tenuis,Chagos northern atolls,2019,11/03/2019,Chagos,Salomon,Courts Knoll,-5.30883,72.25233,"c(72.25233, -5.30883)"
BFC19-123-T,A. aff. tenuis,Chagos northern atolls,2019,11/03/2019,Chagos,Salomon,Courts Knoll,-5.30883,72.25233,"c(72.25233, -5.30883)"
BFC19-124-T,A. aff. tenuis,Chagos northern atolls,2019,11/03/2019,Chagos,Salomon,Courts Knoll,-5.30883,72.25233,"c(72.25233, -5.30883)"
BFC19-127-T,A. aff. tenuis,Chagos northern atolls,2019,11/03/2019,Chagos,Salomon,Courts Knoll,-5.30883,72.25233,"c(72.25233, -5.30883)"
BFC19-129-T,A. aff. tenuis,Chagos northern atolls,2019,11/03/2019,Chagos,Salomon,Ile Anglaise lagoon,-5.33867,72.21333,"c(72.21333, -5.33867)"
BFC19-130-T,A. aff. tenuis,Chagos northern atolls,2019,11/03/2019,Chagos,Salomon,Ile Anglaise lagoon,-5.33867,72.21333,"c(72.21333, -5.33867)"
BFC19-131-T,A. aff. tenuis,Chagos northern atolls,2019,11/03/2019,Chagos,Salomon,Ile Anglaise lagoon,-5.33867,72.21333,"c(72.21333, -5.33867)"
BFC19-134-T,A. aff. tenuis,Chagos northern atolls,2019,11/03/2019,Chagos,Salomon,Courts Knoll,-5.30883,72.25233,"c(72.25233, -5.30883)"
BFC19-135-T,A. aff. tenuis,Chagos northern atolls,2019,11/03/2019,Chagos,Salomon,Ile Anglaise lagoon,-5.33867,72.21333,"c(72.21333, -5.33867)"
BFC19-136-T,A. aff. tenuis,Chagos northern atolls,2019,11/03/2019,Chagos,Salomon,Ile Anglaise lagoon,-5.33867,72.21333,"c(72.21333, -5.33867)"
BFC19-138-T,A. aff. tenuis,Chagos northern atolls,2019,11/03/2019,Chagos,Salomon,Ile Anglaise lagoon,-5.33867,72.21333,"c(72.21333, -5.33867)"
BFC19-139-T,A. aff. tenuis,Chagos northern atolls,2019,11/03/2019,Chagos,Salomon,Ile Anglaise lagoon,-5.33867,72.21333,"c(72.21333, -5.33867)"
BFC19-140-T,A. aff. tenuis,Chagos northern atolls,2019,11/03/2019,Chagos,Salomon,Ile Anglaise lagoon,-5.33867,72.21333,"c(72.21333, -5.33867)"
BFC19-141-T,A. aff. tenuis,Chagos northern atolls,2019,11/03/2019,Chagos,Salomon,Ile Anglaise lagoon,-5.33867,72.21333,"c(72.21333, -5.33867)"
BFC19-142-T,A. aff. tenuis,Chagos northern atolls,2019,11/03/2019,Chagos,Salomon,Ile Anglaise lagoon,-5.33867,72.21333,"c(72.21333, -5.33867)"
BFC19-155-T,A. aff. tenuis,Chagos northern atolls,2019,12/03/2019,Chagos,Salomon,Ile de Passe,-5.29883,72.25517,"c(72.25517, -5.29883)"
BFC19-160-T,A. aff. tenuis,Chagos northern atolls,2019,12/03/2019,Chagos,Salomon,Ile de Passe,-5.29883,72.25517,"c(72.25517, -5.29883)"
BFC19-161-T,A. aff. tenuis,Chagos northern atolls,2019,12/03/2019,Chagos,Salomon,Ile de Passe,-5.29883,72.25517,"c(72.25517, -5.29883)"
BFC19-163-T,A. aff. tenuis,Chagos northern atolls,2019,12/03/2019,Chagos,Salomon,Ile de Passe,-5.29883,72.25517,"c(72.25517, -5.29883)"
BFC19-165-T,A. aff. tenuis,Chagos northern atolls,2019,13/03/2019,Chagos,Great Chagos Bank,Nelson seaward,-5.679483333,72.315,"c(72.315, -5.679483333)"
BFC19-178-T,A. aff. tenuis,Chagos northern atolls,2019,13/03/2019,Chagos,Great Chagos Bank,Nelson seaward,-5.679483333,72.315,"c(72.315, -5.679483333)"
BFC19-216-T,A. aff. tenuis,Chagos western atolls,2019,15/03/2019,Chagos,Great Chagos Bank,Brothers Mid Lagoon,-6.15308,71.5198,"c(71.5198, -6.15308)"
BFC19-220-T,A. aff. tenuis,Chagos western atolls,2019,15/03/2019,Chagos,Great Chagos Bank,Brothers North,-6.1395,71.50483,"c(71.50483, -6.1395)"
BFC19-221-T,A. aff. tenuis,Chagos western atolls,2019,15/03/2019,Chagos,Great Chagos Bank,Brothers North,-6.1395,71.50483,"c(71.50483, -6.1395)"
BFC19-222-T,A. aff. tenuis,Chagos western atolls,2019,15/03/2019,Chagos,Great Chagos Bank,Brothers North,-6.1395,71.50483,"c(71.50483, -6.1395)"
BFC19-227-T,A. aff. tenuis,Chagos western atolls,2019,16/03/2019,Chagos,Great Chagos Bank,Eagle Seaward,-6.6434,71.358,"c(71.358, -6.6434)"
BFC19-240-T,A. aff. tenuis,Chagos western atolls,2019,16/03/2019,Chagos,Great Chagos Bank,Eagle Seaward,-6.6434,71.358,"c(71.358, -6.6434)"
BFC19-243-T,A. aff. tenuis,Chagos western atolls,2019,16/03/2019,Chagos,Great Chagos Bank,Eagle Seaward,-6.6434,71.358,"c(71.358, -6.6434)"
BFC19-246-T,A. aff. tenuis,Chagos western atolls,2019,16/03/2019,Chagos,Great Chagos Bank,Eagle Seaward,-6.6434,71.358,"c(71.358, -6.6434)"
BFC19-248-T,A. aff. tenuis,Chagos western atolls,2019,16/03/2019,Chagos,Great Chagos Bank,Eagle Seaward,-6.6434,71.358,"c(71.358, -6.6434)"
BFC19-254-T,A. aff. tenuis,Chagos northern atolls,2019,13/03/2019,Chagos,Great Chagos Bank,Nelson seaward,-5.679483333,72.315,"c(72.315, -5.679483333)"
BFC19-255-T,A. aff. tenuis,Chagos northern atolls,2019,13/03/2019,Chagos,Great Chagos Bank,Nelson seaward,-5.679483333,72.315,"c(72.315, -5.679483333)"
BFC19-257-T,A. aff. tenuis,Chagos northern atolls,2019,13/03/2019,Chagos,Great Chagos Bank,Nelson seaward,-5.679483333,72.315,"c(72.315, -5.679483333)"
BFC19-260-T,A. aff. tenuis,Chagos northern atolls,2019,13/03/2019,Chagos,Great Chagos Bank,Nelson seaward,-5.679483333,72.315,"c(72.315, -5.679483333)"
BFC19-262-T,A. aff. tenuis,Chagos northern atolls,2019,13/03/2019,Chagos,Great Chagos Bank,Nelson seaward,-5.679483333,72.315,"c(72.315, -5.679483333)"
BFC20-003-T,A. aff. tenuis,Diego Garcia,2020,09/03/2020,Chagos,Diego Garcia,Barton point (seaward),-7.23317,72.43867,"c(72.43867, -7.23317)"
BFC20-004-T,A. aff. tenuis,Diego Garcia,2020,09/03/2020,Chagos,Diego Garcia,Barton point (seaward),-7.23317,72.43867,"c(72.43867, -7.23317)"
BFC20-005-T,A. aff. tenuis,Diego Garcia,2020,09/03/2020,Chagos,Diego Garcia,Barton point (seaward),-7.23317,72.43867,"c(72.43867, -7.23317)"
BFC20-010-T,A. aff. tenuis,Diego Garcia,2020,10/03/2020,Chagos,Diego Garcia,Barton point (lagoon),-7.23317,72.43867,"c(72.43867, -7.23317)"
BFC20-012-T,A. aff. tenuis,Diego Garcia,2020,10/03/2020,Chagos,Diego Garcia,Barton point (lagoon),-7.23317,72.43867,"c(72.43867, -7.23317)"
BFC20-015-T,A. aff. tenuis,Diego Garcia,2020,10/03/2020,Chagos,Diego Garcia,Barton point (lagoon),-7.23317,72.43867,"c(72.43867, -7.23317)"
BFC20-016-T,A. aff. tenuis,Diego Garcia,2020,10/03/2020,Chagos,Diego Garcia,Barton point (lagoon),-7.23317,72.43867,"c(72.43867, -7.23317)"
BFC20-017-T,A. aff. tenuis,Diego Garcia,2020,10/03/2020,Chagos,Diego Garcia,East Island (lagoon),-7.347557,72.458019,"c(72.458019, -7.347557)"
BFC20-018-T,A. aff. tenuis,Diego Garcia,2020,10/03/2020,Chagos,Diego Garcia,East Island (lagoon),-7.347557,72.458019,"c(72.458019, -7.347557)"
BFC20-019-T,A. aff. tenuis,Diego Garcia,2020,10/03/2020,Chagos,Diego Garcia,East Island (lagoon),-7.347557,72.458019,"c(72.458019, -7.347557)"
BFC20-020-T,A. aff. tenuis,Diego Garcia,2020,10/03/2020,Chagos,Diego Garcia,East Island (lagoon),-7.347557,72.458019,"c(72.458019, -7.347557)"
TAAF19-012-T,A. aff. tenuis,Iles Glorieuses,2019,20/04/2019,French territory,Iles Glorieuses,Grand Glorieuse (South),-11.558694,47.292583,"c(47.292583, -11.558694)"
TAAF19-017-T,A. aff. tenuis,Iles Glorieuses,2019,21/04/2019,French territory,Iles Glorieuses,Grand Glorieuse (north),-11.558694,47.292583,"c(47.292583, -11.558694)"
TAAF19-021-T,A. aff. tenuis,Iles Glorieuses,2019,21/04/2019,French territory,Iles Glorieuses,Grand Glorieuse (north),-11.558694,47.292583,"c(47.292583, -11.558694)"
TAAF19-027-T,A. aff. tenuis,Iles Glorieuses,2019,22/04/2019,French territory,Iles Glorieuses,Grand Glorieuse (north),-11.558694,47.292583,"c(47.292583, -11.558694)"
TAAF19-031-T,A. aff. tenuis,Iles Glorieuses,2019,22/04/2019,French territory,Iles Glorieuses,Grand Glorieuse (north),-11.558694,47.292583,"c(47.292583, -11.558694)"
TAAF19-032-T,A. aff. tenuis,Iles Glorieuses,2019,22/04/2019,French territory,Iles Glorieuses,Grand Glorieuse (north),-11.558694,47.292583,"c(47.292583, -11.558694)"
TAAF19-036-T,A. aff. tenuis,Iles Glorieuses,2019,22/04/2019,French territory,Iles Glorieuses,Grand Glorieuse (north),-11.558694,47.292583,"c(47.292583, -11.558694)"
TAAF19-042-T,A. aff. tenuis,Iles Glorieuses,2019,23/04/2019,French territory,Iles Glorieuses,Ile du Lys,-11.502108,47.352,"c(47.352, -11.502108)"
TAAF19-046-T,A. aff. tenuis,Iles Glorieuses,2019,23/04/2019,French territory,Iles Glorieuses,Ile du Lys,-11.502108,47.352,"c(47.352, -11.502108)"